Workbook

Sheet Tong hop thang
A1: TỔNG HỢP THƯỞNG PHẠT THÁNG — ĐỘI SALE ONLINE + VĂN PHÒNG
A2: Chọn tháng ở ô B4 (dạng yyyy-mm). Bảng tự cộng từ 3 sheet: Thuong ngay, Thuong tuan-thang, Nhat ky phat. Tên sale lấy từ "Danh sach sale".
A4: Tháng cần tính (yyyy-mm): | B4: 2026-10
A6: Sale | B6: Thưởng ngày (đ) | C6: Thưởng tuần/tháng (đ) | D6: Tổng thưởng (đ) | E6: Phạt (đ) | F6: Số lần phạt | G6: THỰC NHẬN (đ)
A7: =IF('Danh sach sale'!A5="","",'Danh sach sale'!A5) | B7: =IF($A7="","",SUMIFS('Thuong ngay'!$E$5:$E$404,'Thuong ngay'!$B$5:$B$404,$A7,'Thuong ngay'!$G$5:$G$404,$B$4)) | C7: =IF($A7="","",SUMIFS('Thuong tuan-thang'!$K$5:$K$304,'Thuong tuan-thang'!$D$5:$D$304,$A7,'Thuong tuan-thang'!$C$5:$C$304,$B$4)) | D7: =IF($A7="","",B7+C7) | E7: =IF($A7="","",SUMIFS('Nhat ky phat'!$E$5:$E$504,'Nhat ky phat'!$B$5:$B$504,$A7,'Nhat ky phat'!$H$5:$H$504,$B$4)) | F7: =IF($A7="","",COUNTIFS('Nhat ky phat'!$B$5:$B$504,$A7,'Nhat ky phat'!$H$5:$H$504,$B$4)) | G7: =IF($A7="","",D7-E7)
A8: =IF('Danh sach sale'!A6="","",'Danh sach sale'!A6) | B8: =IF($A8="","",SUMIFS('Thuong ngay'!$E$5:$E$404,'Thuong ngay'!$B$5:$B$404,$A8,'Thuong ngay'!$G$5:$G$404,$B$4)) | C8: =IF($A8="","",SUMIFS('Thuong tuan-thang'!$K$5:$K$304,'Thuong tuan-thang'!$D$5:$D$304,$A8,'Thuong tuan-thang'!$C$5:$C$304,$B$4)) | D8: =IF($A8="","",B8+C8) | E8: =IF($A8="","",SUMIFS('Nhat ky phat'!$E$5:$E$504,'Nhat ky phat'!$B$5:$B$504,$A8,'Nhat ky phat'!$H$5:$H$504,$B$4)) | F8: =IF($A8="","",COUNTIFS('Nhat ky phat'!$B$5:$B$504,$A8,'Nhat ky phat'!$H$5:$H$504,$B$4)) | G8: =IF($A8="","",D8-E8)
A9: =IF('Danh sach sale'!A7="","",'Danh sach sale'!A7) | B9: =IF($A9="","",SUMIFS('Thuong ngay'!$E$5:$E$404,'Thuong ngay'!$B$5:$B$404,$A9,'Thuong ngay'!$G$5:$G$404,$B$4)) | C9: =IF($A9="","",SUMIFS('Thuong tuan-thang'!$K$5:$K$304,'Thuong tuan-thang'!$D$5:$D$304,$A9,'Thuong tuan-thang'!$C$5:$C$304,$B$4)) | D9: =IF($A9="","",B9+C9) | E9: =IF($A9="","",SUMIFS('Nhat ky phat'!$E$5:$E$504,'Nhat ky phat'!$B$5:$B$504,$A9,'Nhat ky phat'!$H$5:$H$504,$B$4)) | F9: =IF($A9="","",COUNTIFS('Nhat ky phat'!$B$5:$B$504,$A9,'Nhat ky phat'!$H$5:$H$504,$B$4)) | G9: =IF($A9="","",D9-E9)
A10: =IF('Danh sach sale'!A8="","",'Danh sach sale'!A8) | B10: =IF($A10="","",SUMIFS('Thuong ngay'!$E$5:$E$404,'Thuong ngay'!$B$5:$B$404,$A10,'Thuong ngay'!$G$5:$G$404,$B$4)) | C10: =IF($A10="","",SUMIFS('Thuong tuan-thang'!$K$5:$K$304,'Thuong tuan-thang'!$D$5:$D$304,$A10,'Thuong tuan-thang'!$C$5:$C$304,$B$4)) | D10: =IF($A10="","",B10+C10) | E10: =IF($A10="","",SUMIFS('Nhat ky phat'!$E$5:$E$504,'Nhat ky phat'!$B$5:$B$504,$A10,'Nhat ky phat'!$H$5:$H$504,$B$4)) | F10: =IF($A10="","",COUNTIFS('Nhat ky phat'!$B$5:$B$504,$A10,'Nhat ky phat'!$H$5:$H$504,$B$4)) | G10: =IF($A10="","",D10-E10)
A11: =IF('Danh sach sale'!A9="","",'Danh sach sale'!A9) | B11: =IF($A11="","",SUMIFS('Thuong ngay'!$E$5:$E$404,'Thuong ngay'!$B$5:$B$404,$A11,'Thuong ngay'!$G$5:$G$404,$B$4)) | C11: =IF($A11="","",SUMIFS('Thuong tuan-thang'!$K$5:$K$304,'Thuong tuan-thang'!$D$5:$D$304,$A11,'Thuong tuan-thang'!$C$5:$C$304,$B$4)) | D11: =IF($A11="","",B11+C11) | E11: =IF($A11="","",SUMIFS('Nhat ky phat'!$E$5:$E$504,'Nhat ky phat'!$B$5:$B$504,$A11,'Nhat ky phat'!$H$5:$H$504,$B$4)) | F11: =IF($A11="","",COUNTIFS('Nhat ky phat'!$B$5:$B$504,$A11,'Nhat ky phat'!$H$5:$H$504,$B$4)) | G11: =IF($A11="","",D11-E11)
A12: =IF('Danh sach sale'!A10="","",'Danh sach sale'!A10) | B12: =IF($A12="","",SUMIFS('Thuong ngay'!$E$5:$E$404,'Thuong ngay'!$B$5:$B$404,$A12,'Thuong ngay'!$G$5:$G$404,$B$4)) | C12: =IF($A12="","",SUMIFS('Thuong tuan-thang'!$K$5:$K$304,'Thuong tuan-thang'!$D$5:$D$304,$A12,'Thuong tuan-thang'!$C$5:$C$304,$B$4)) | D12: =IF($A12="","",B12+C12) | E12: =IF($A12="","",SUMIFS('Nhat ky phat'!$E$5:$E$504,'Nhat ky phat'!$B$5:$B$504,$A12,'Nhat ky phat'!$H$5:$H$504,$B$4)) | F12: =IF($A12="","",COUNTIFS('Nhat ky phat'!$B$5:$B$504,$A12,'Nhat ky phat'!$H$5:$H$504,$B$4)) | G12: =IF($A12="","",D12-E12)
A13: =IF('Danh sach sale'!A11="","",'Danh sach sale'!A11) | B13: =IF($A13="","",SUMIFS('Thuong ngay'!$E$5:$E$404,'Thuong ngay'!$B$5:$B$404,$A13,'Thuong ngay'!$G$5:$G$404,$B$4)) | C13: =IF($A13="","",SUMIFS('Thuong tuan-thang'!$K$5:$K$304,'Thuong tuan-thang'!$D$5:$D$304,$A13,'Thuong tuan-thang'!$C$5:$C$304,$B$4)) | D13: =IF($A13="","",B13+C13) | E13: =IF($A13="","",SUMIFS('Nhat ky phat'!$E$5:$E$504,'Nhat ky phat'!$B$5:$B$504,$A13,'Nhat ky phat'!$H$5:$H$504,$B$4)) | F13: =IF($A13="","",COUNTIFS('Nhat ky phat'!$B$5:$B$504,$A13,'Nhat ky phat'!$H$5:$H$504,$B$4)) | G13: =IF($A13="","",D13-E13)
A14: =IF('Danh sach sale'!A12="","",'Danh sach sale'!A12) | B14: =IF($A14="","",SUMIFS('Thuong ngay'!$E$5:$E$404,'Thuong ngay'!$B$5:$B$404,$A14,'Thuong ngay'!$G$5:$G$404,$B$4)) | C14: =IF($A14="","",SUMIFS('Thuong tuan-thang'!$K$5:$K$304,'Thuong tuan-thang'!$D$5:$D$304,$A14,'Thuong tuan-thang'!$C$5:$C$304,$B$4)) | D14: =IF($A14="","",B14+C14) | E14: =IF($A14="","",SUMIFS('Nhat ky phat'!$E$5:$E$504,'Nhat ky phat'!$B$5:$B$504,$A14,'Nhat ky phat'!$H$5:$H$504,$B$4)) | F14: =IF($A14="","",COUNTIFS('Nhat ky phat'!$B$5:$B$504,$A14,'Nhat ky phat'!$H$5:$H$504,$B$4)) | G14: =IF($A14="","",D14-E14)
A15: =IF('Danh sach sale'!A13="","",'Danh sach sale'!A13) | B15: =IF($A15="","",SUMIFS('Thuong ngay'!$E$5:$E$404,'Thuong ngay'!$B$5:$B$404,$A15,'Thuong ngay'!$G$5:$G$404,$B$4)) | C15: =IF($A15="","",SUMIFS('Thuong tuan-thang'!$K$5:$K$304,'Thuong tuan-thang'!$D$5:$D$304,$A15,'Thuong tuan-thang'!$C$5:$C$304,$B$4)) | D15: =IF($A15="","",B15+C15) | E15: =IF($A15="","",SUMIFS('Nhat ky phat'!$E$5:$E$504,'Nhat ky phat'!$B$5:$B$504,$A15,'Nhat ky phat'!$H$5:$H$504,$B$4)) | F15: =IF($A15="","",COUNTIFS('Nhat ky phat'!$B$5:$B$504,$A15,'Nhat ky phat'!$H$5:$H$504,$B$4)) | G15: =IF($A15="","",D15-E15)
A16: =IF('Danh sach sale'!A14="","",'Danh sach sale'!A14) | B16: =IF($A16="","",SUMIFS('Thuong ngay'!$E$5:$E$404,'Thuong ngay'!$B$5:$B$404,$A16,'Thuong ngay'!$G$5:$G$404,$B$4)) | C16: =IF($A16="","",SUMIFS('Thuong tuan-thang'!$K$5:$K$304,'Thuong tuan-thang'!$D$5:$D$304,$A16,'Thuong tuan-thang'!$C$5:$C$304,$B$4)) | D16: =IF($A16="","",B16+C16) | E16: =IF($A16="","",SUMIFS('Nhat ky phat'!$E$5:$E$504,'Nhat ky phat'!$B$5:$B$504,$A16,'Nhat ky phat'!$H$5:$H$504,$B$4)) | F16: =IF($A16="","",COUNTIFS('Nhat ky phat'!$B$5:$B$504,$A16,'Nhat ky phat'!$H$5:$H$504,$B$4)) | G16: =IF($A16="","",D16-E16)
A17: =IF('Danh sach sale'!A15="","",'Danh sach sale'!A15) | B17: =IF($A17="","",SUMIFS('Thuong ngay'!$E$5:$E$404,'Thuong ngay'!$B$5:$B$404,$A17,'Thuong ngay'!$G$5:$G$404,$B$4)) | C17: =IF($A17="","",SUMIFS('Thuong tuan-thang'!$K$5:$K$304,'Thuong tuan-thang'!$D$5:$D$304,$A17,'Thuong tuan-thang'!$C$5:$C$304,$B$4)) | D17: =IF($A17="","",B17+C17) | E17: =IF($A17="","",SUMIFS('Nhat ky phat'!$E$5:$E$504,'Nhat ky phat'!$B$5:$B$504,$A17,'Nhat ky phat'!$H$5:$H$504,$B$4)) | F17: =IF($A17="","",COUNTIFS('Nhat ky phat'!$B$5:$B$504,$A17,'Nhat ky phat'!$H$5:$H$504,$B$4)) | G17: =IF($A17="","",D17-E17)
A18: =IF('Danh sach sale'!A16="","",'Danh sach sale'!A16) | B18: =IF($A18="","",SUMIFS('Thuong ngay'!$E$5:$E$404,'Thuong ngay'!$B$5:$B$404,$A18,'Thuong ngay'!$G$5:$G$404,$B$4)) | C18: =IF($A18="","",SUMIFS('Thuong tuan-thang'!$K$5:$K$304,'Thuong tuan-thang'!$D$5:$D$304,$A18,'Thuong tuan-thang'!$C$5:$C$304,$B$4)) | D18: =IF($A18="","",B18+C18) | E18: =IF($A18="","",SUMIFS('Nhat ky phat'!$E$5:$E$504,'Nhat ky phat'!$B$5:$B$504,$A18,'Nhat ky phat'!$H$5:$H$504,$B$4)) | F18: =IF($A18="","",COUNTIFS('Nhat ky phat'!$B$5:$B$504,$A18,'Nhat ky phat'!$H$5:$H$504,$B$4)) | G18: =IF($A18="","",D18-E18)
... A46: =IF('Danh sach sale'!A44="","",'Danh sach sale'!A44) | B46: =IF($A46="","",SUMIFS('Thuong ngay'!$E$5:$E$404,'Thuong ngay'!$B$5:$B$404,$A46,'Thuong ngay'!$G$5:$G$404,$B$4)) | C46: =IF($A46="","",SUMIFS('Thuong tuan-thang'!$K$5:$K$304,'Thuong tuan-thang'!$D$5:$D$304,$A46,'Thuong tuan-thang'!$C$5:$C$304,$B$4)) | D46: =IF($A46="","",B46+C46) | E46: =IF($A46="","",SUMIFS('Nhat ky phat'!$E$5:$E$504,'Nhat ky phat'!$B$5:$B$504,$A46,'Nhat ky phat'!$H$5:$H$504,$B$4)) | F46: =IF($A46="","",COUNTIFS('Nhat ky phat'!$B$5:$B$504,$A46,'Nhat ky phat'!$H$5:$H$504,$B$4)) | G46: =IF($A46="","",D46-E46)
A47: TỔNG | B47: =SUM(B7:B46) | C47: =SUM(C7:C46) | D47: =SUM(D7:D46) | E47: =SUM(E7:E46) | F47: =SUM(F7:F46) | G47: =SUM(G7:G46)
A49: Ghi chú: "Thuong ngay" chỉ tính dòng có sale + số đơn ≥ mức tối thiểu; "Thuong tuan-thang" chỉ tính dòng gõ "x" và đủ điều kiện tương tác. Nhật ký phạt cộng theo tháng của ngày vi phạm.

Sheet Quy dinh
A1: QUY ĐỊNH THƯỞNG PHẠT — ĐỘI SALE ONLINE + VĂN PHÒNG (phòng kinh doanh)
A2: Riêng, KHÔNG cộng vào các chương trình thưởng của công ty. Ô nền vàng = ô để sửa; các sheet khác tự lấy số tiền từ đây.
A4: THƯỞNG
A5: Số đơn tối thiểu để được thưởng ngày (đơn) | B5: 6
A6: Thưởng sale nhiều đơn nhất trong ngày (đ) | B6: 50000
A7: Thưởng top tỷ lệ chốt cao nhất TUẦN (đ) | B7: 50000
A8: Thưởng top tỷ lệ chốt cao nhất THÁNG (đ) | B8: 100000
A9: Đơn tính thưởng = ĐƠN GỐC BASE (theo ngày tạo), không tính theo Pos. Không tính đơn đổi trả, bảo hành, thay dây, huỷ/hoàn.
A10: Thưởng tuần/tháng: chỉ xét sale có số tương tác trong kỳ ≥ tương tác trung bình của đội. Tỷ lệ chốt = đơn Base ÷ tương tác Pancake. Số đơn tính theo NGƯỜI TẠO ĐƠN (không chia theo Sale bán).
A12: PHẠT
A13: Mã lỗi | B13: Nội dung vi phạm | C13: Số tiền phạt (đ)
A14: 1 | B14: Tin trôi quá 30 phút không phản hồi (không phải tin nhảy từ Sale khác) | C14: 50000
A15: 2 | B15: Không gửi báo cáo đúng khung giờ (sáng trước 9h30, chiều 13h30, kết thúc ca, tối 20h nếu bật tin) | C15: 50000
A16: 3 | B16: Đã đọc nhưng không phản hồi | C16: 50000
A17: 4 | B17: Đơn gộp Sale bán chung trong 72 giờ: Sale lên đơn không chia doanh thu cho các Sale cùng tham gia | C17: 200000
A18: 5 | B18: Nhắn tin khai thác mong cầu trong 15 phút nhưng không gửi kèm từ 04 hình ảnh hoặc ghi âm | C18: 50000
A20: Chú thích màu: chữ xanh dương = số nhập tay / quy định · chữ đen = công thức tự tính · nền vàng = ô cần nhập.

Sheet Danh sach sale
A1: DANH SÁCH SALE ĐỘI ONLINE + VĂN PHÒNG
A2: Điền tên sale (đúng như trên CRM). Sheet "Tong hop thang" và danh sách chọn ở các sheet khác lấy từ đây.
A4: Tên sale | B4: Nhóm
A5: Sale A (ví dụ — thay bằng tên thật) | B5: Online
A6: Sale B (ví dụ — thay bằng tên thật) | B6: Văn phòng

Sheet Nhat ky phat
A1: NHẬT KÝ PHẠT
A2: Mỗi lần vi phạm ghi 1 dòng: Ngày · Sale · Mã lỗi (1-5). Số tiền tự lấy từ "Quy dinh" — muốn phạt khác mức mặc định thì gõ đè số vào cột "Số tiền".
A4: Ngày vi phạm | B4: Sale | C4: Mã lỗi (1-5) | D4: Nội dung vi phạm | E4: Số tiền phạt (đ) | F4: Ghi chú (khách/tin nhắn…) | G4: Người ghi | H4: Tháng
A5: 46300 | B5: Sale A (ví dụ — thay bằng tên thật) | C5: 4 | D5: =IF(C5="","",IFERROR(INDEX('Quy dinh'!$B$14:$B$18,MATCH(C5,'Quy dinh'!$A$14:$A$18,0)),"Mã lỗi không hợp lệ")) | E5: =IF(C5="","",IFERROR(INDEX('Quy dinh'!$C$14:$C$18,MATCH(C5,'Quy dinh'!$A$14:$A$18,0)),0)) | F5: VÍ DỤ: xoá dòng này khi bắt đầu nhập thật | G5: Admin | H5: =IF(A5="","",TEXT(A5,"yyyy-mm"))
D6: =IF(C6="","",IFERROR(INDEX('Quy dinh'!$B$14:$B$18,MATCH(C6,'Quy dinh'!$A$14:$A$18,0)),"Mã lỗi không hợp lệ")) | E6: =IF(C6="","",IFERROR(INDEX('Quy dinh'!$C$14:$C$18,MATCH(C6,'Quy dinh'!$A$14:$A$18,0)),0)) | H6: =IF(A6="","",TEXT(A6,"yyyy-mm"))
D7: =IF(C7="","",IFERROR(INDEX('Quy dinh'!$B$14:$B$18,MATCH(C7,'Quy dinh'!$A$14:$A$18,0)),"Mã lỗi không hợp lệ")) | E7: =IF(C7="","",IFERROR(INDEX('Quy dinh'!$C$14:$C$18,MATCH(C7,'Quy dinh'!$A$14:$A$18,0)),0)) | H7: =IF(A7="","",TEXT(A7,"yyyy-mm"))
D8: =IF(C8="","",IFERROR(INDEX('Quy dinh'!$B$14:$B$18,MATCH(C8,'Quy dinh'!$A$14:$A$18,0)),"Mã lỗi không hợp lệ")) | E8: =IF(C8="","",IFERROR(INDEX('Quy dinh'!$C$14:$C$18,MATCH(C8,'Quy dinh'!$A$14:$A$18,0)),0)) | H8: =IF(A8="","",TEXT(A8,"yyyy-mm"))
D9: =IF(C9="","",IFERROR(INDEX('Quy dinh'!$B$14:$B$18,MATCH(C9,'Quy dinh'!$A$14:$A$18,0)),"Mã lỗi không hợp lệ")) | E9: =IF(C9="","",IFERROR(INDEX('Quy dinh'!$C$14:$C$18,MATCH(C9,'Quy dinh'!$A$14:$A$18,0)),0)) | H9: =IF(A9="","",TEXT(A9,"yyyy-mm"))
D10: =IF(C10="","",IFERROR(INDEX('Quy dinh'!$B$14:$B$18,MATCH(C10,'Quy dinh'!$A$14:$A$18,0)),"Mã lỗi không hợp lệ")) | E10: =IF(C10="","",IFERROR(INDEX('Quy dinh'!$C$14:$C$18,MATCH(C10,'Quy dinh'!$A$14:$A$18,0)),0)) | H10: =IF(A10="","",TEXT(A10,"yyyy-mm"))
D11: =IF(C11="","",IFERROR(INDEX('Quy dinh'!$B$14:$B$18,MATCH(C11,'Quy dinh'!$A$14:$A$18,0)),"Mã lỗi không hợp lệ")) | E11: =IF(C11="","",IFERROR(INDEX('Quy dinh'!$C$14:$C$18,MATCH(C11,'Quy dinh'!$A$14:$A$18,0)),0)) | H11: =IF(A11="","",TEXT(A11,"yyyy-mm"))
D12: =IF(C12="","",IFERROR(INDEX('Quy dinh'!$B$14:$B$18,MATCH(C12,'Quy dinh'!$A$14:$A$18,0)),"Mã lỗi không hợp lệ")) | E12: =IF(C12="","",IFERROR(INDEX('Quy dinh'!$C$14:$C$18,MATCH(C12,'Quy dinh'!$A$14:$A$18,0)),0)) | H12: =IF(A12="","",TEXT(A12,"yyyy-mm"))
D13: =IF(C13="","",IFERROR(INDEX('Quy dinh'!$B$14:$B$18,MATCH(C13,'Quy dinh'!$A$14:$A$18,0)),"Mã lỗi không hợp lệ")) | E13: =IF(C13="","",IFERROR(INDEX('Quy dinh'!$C$14:$C$18,MATCH(C13,'Quy dinh'!$A$14:$A$18,0)),0)) | H13: =IF(A13="","",TEXT(A13,"yyyy-mm"))
D14: =IF(C14="","",IFERROR(INDEX('Quy dinh'!$B$14:$B$18,MATCH(C14,'Quy dinh'!$A$14:$A$18,0)),"Mã lỗi không hợp lệ")) | E14: =IF(C14="","",IFERROR(INDEX('Quy dinh'!$C$14:$C$18,MATCH(C14,'Quy dinh'!$A$14:$A$18,0)),0)) | H14: =IF(A14="","",TEXT(A14,"yyyy-mm"))
D15: =IF(C15="","",IFERROR(INDEX('Quy dinh'!$B$14:$B$18,MATCH(C15,'Quy dinh'!$A$14:$A$18,0)),"Mã lỗi không hợp lệ")) | E15: =IF(C15="","",IFERROR(INDEX('Quy dinh'!$C$14:$C$18,MATCH(C15,'Quy dinh'!$A$14:$A$18,0)),0)) | H15: =IF(A15="","",TEXT(A15,"yyyy-mm"))
D16: =IF(C16="","",IFERROR(INDEX('Quy dinh'!$B$14:$B$18,MATCH(C16,'Quy dinh'!$A$14:$A$18,0)),"Mã lỗi không hợp lệ")) | E16: =IF(C16="","",IFERROR(INDEX('Quy dinh'!$C$14:$C$18,MATCH(C16,'Quy dinh'!$A$14:$A$18,0)),0)) | H16: =IF(A16="","",TEXT(A16,"yyyy-mm"))
D17: =IF(C17="","",IFERROR(INDEX('Quy dinh'!$B$14:$B$18,MATCH(C17,'Quy dinh'!$A$14:$A$18,0)),"Mã lỗi không hợp lệ")) | E17: =IF(C17="","",IFERROR(INDEX('Quy dinh'!$C$14:$C$18,MATCH(C17,'Quy dinh'!$A$14:$A$18,0)),0)) | H17: =IF(A17="","",TEXT(A17,"yyyy-mm"))
... D504: =IF(C504="","",IFERROR(INDEX('Quy dinh'!$B$14:$B$18,MATCH(C504,'Quy dinh'!$A$14:$A$18,0)),"Mã lỗi không hợp lệ")) | E504: =IF(C504="","",IFERROR(INDEX('Quy dinh'!$C$14:$C$18,MATCH(C504,'Quy dinh'!$A$14:$A$18,0)),0)) | H504: =IF(A504="","",TEXT(A504,"yyyy-mm"))

Sheet Thuong ngay
A1: THƯỞNG NGÀY — SALE NHIỀU ĐƠN NHẤT TRONG NGÀY
A2: Mỗi ngày ghi sale có nhiều đơn Base nhất (đếm theo NGƯỜI TẠO ĐƠN) + số đơn đó (không tính đổi trả, bảo hành, thay dây). Ngày có nhiều người bằng nhau → ghi mỗi người 1 dòng. Đủ tối thiểu thì tự ra tiền thưởng.
A4: Ngày | B4: Sale đạt cao nhất | C4: Số đơn Base | D4: Đạt tối thiểu? | E4: Tiền thưởng (đ) | F4: Ghi chú | G4: Tháng
A5: 46296 | B5: Sale A (ví dụ — thay bằng tên thật) | C5: 7 | D5: =IF(C5="","",IF(C5>='Quy dinh'!$B$5,"Đạt","Chưa đủ")) | E5: =IF(C5="","",IF(AND(B5<>"",C5>='Quy dinh'!$B$5),'Quy dinh'!$B$6,0)) | F5: VÍ DỤ: xoá dòng này khi bắt đầu nhập thật | G5: =IF(A5="","",TEXT(A5,"yyyy-mm"))
D6: =IF(C6="","",IF(C6>='Quy dinh'!$B$5,"Đạt","Chưa đủ")) | E6: =IF(C6="","",IF(AND(B6<>"",C6>='Quy dinh'!$B$5),'Quy dinh'!$B$6,0)) | G6: =IF(A6="","",TEXT(A6,"yyyy-mm"))
D7: =IF(C7="","",IF(C7>='Quy dinh'!$B$5,"Đạt","Chưa đủ")) | E7: =IF(C7="","",IF(AND(B7<>"",C7>='Quy dinh'!$B$5),'Quy dinh'!$B$6,0)) | G7: =IF(A7="","",TEXT(A7,"yyyy-mm"))
D8: =IF(C8="","",IF(C8>='Quy dinh'!$B$5,"Đạt","Chưa đủ")) | E8: =IF(C8="","",IF(AND(B8<>"",C8>='Quy dinh'!$B$5),'Quy dinh'!$B$6,0)) | G8: =IF(A8="","",TEXT(A8,"yyyy-mm"))
D9: =IF(C9="","",IF(C9>='Quy dinh'!$B$5,"Đạt","Chưa đủ")) | E9: =IF(C9="","",IF(AND(B9<>"",C9>='Quy dinh'!$B$5),'Quy dinh'!$B$6,0)) | G9: =IF(A9="","",TEXT(A9,"yyyy-mm"))
D10: =IF(C10="","",IF(C10>='Quy dinh'!$B$5,"Đạt","Chưa đủ")) | E10: =IF(C10="","",IF(AND(B10<>"",C10>='Quy dinh'!$B$5),'Quy dinh'!$B$6,0)) | G10: =IF(A10="","",TEXT(A10,"yyyy-mm"))
D11: =IF(C11="","",IF(C11>='Quy dinh'!$B$5,"Đạt","Chưa đủ")) | E11: =IF(C11="","",IF(AND(B11<>"",C11>='Quy dinh'!$B$5),'Quy dinh'!$B$6,0)) | G11: =IF(A11="","",TEXT(A11,"yyyy-mm"))
D12: =IF(C12="","",IF(C12>='Quy dinh'!$B$5,"Đạt","Chưa đủ")) | E12: =IF(C12="","",IF(AND(B12<>"",C12>='Quy dinh'!$B$5),'Quy dinh'!$B$6,0)) | G12: =IF(A12="","",TEXT(A12,"yyyy-mm"))
D13: =IF(C13="","",IF(C13>='Quy dinh'!$B$5,"Đạt","Chưa đủ")) | E13: =IF(C13="","",IF(AND(B13<>"",C13>='Quy dinh'!$B$5),'Quy dinh'!$B$6,0)) | G13: =IF(A13="","",TEXT(A13,"yyyy-mm"))
D14: =IF(C14="","",IF(C14>='Quy dinh'!$B$5,"Đạt","Chưa đủ")) | E14: =IF(C14="","",IF(AND(B14<>"",C14>='Quy dinh'!$B$5),'Quy dinh'!$B$6,0)) | G14: =IF(A14="","",TEXT(A14,"yyyy-mm"))
D15: =IF(C15="","",IF(C15>='Quy dinh'!$B$5,"Đạt","Chưa đủ")) | E15: =IF(C15="","",IF(AND(B15<>"",C15>='Quy dinh'!$B$5),'Quy dinh'!$B$6,0)) | G15: =IF(A15="","",TEXT(A15,"yyyy-mm"))
D16: =IF(C16="","",IF(C16>='Quy dinh'!$B$5,"Đạt","Chưa đủ")) | E16: =IF(C16="","",IF(AND(B16<>"",C16>='Quy dinh'!$B$5),'Quy dinh'!$B$6,0)) | G16: =IF(A16="","",TEXT(A16,"yyyy-mm"))
D17: =IF(C17="","",IF(C17>='Quy dinh'!$B$5,"Đạt","Chưa đủ")) | E17: =IF(C17="","",IF(AND(B17<>"",C17>='Quy dinh'!$B$5),'Quy dinh'!$B$6,0)) | G17: =IF(A17="","",TEXT(A17,"yyyy-mm"))
... D404: =IF(C404="","",IF(C404>='Quy dinh'!$B$5,"Đạt","Chưa đủ")) | E404: =IF(C404="","",IF(AND(B404<>"",C404>='Quy dinh'!$B$5),'Quy dinh'!$B$6,0)) | G404: =IF(A404="","",TEXT(A404,"yyyy-mm"))

Sheet Thuong tuan-thang
A1: THƯỞNG TỶ LỆ CHỐT CAO NHẤT — TUẦN & THÁNG
A2: Mỗi kỳ liệt kê các sale: tương tác + đơn Base → tỷ lệ chốt tự tính. Nhập "TB tương tác đội" của kỳ; ai đủ điều kiện và đứng đầu thì gõ "x" ở cột "Top" để ra tiền thưởng.
A4: Loại kỳ (Tuần/Tháng) | B4: Kỳ (vd 12/10-18/10) | C4: Tháng (yyyy-mm) | D4: Sale | E4: Tương tác (tin nhắn) | F4: Đơn Base | G4: Tỷ lệ chốt | H4: TB tương tác đội | I4: Đủ điều kiện? | J4: Top? (gõ x) | K4: Tiền thưởng (đ)
A5: Tuần | B5: 12/10-18/10 | C5: 2026-10 | D5: Sale A (ví dụ — thay bằng tên thật) | E5: 200 | F5: 30 | G5: =IF(OR(E5="",F5=""),"",IF(E5=0,0,F5/E5)) | H5: 113 | I5: =IF(OR(E5="",H5=""),"",IF(E5>=H5,"Đủ","Không đủ")) | J5: x | K5: =IF(J5="","",IF(AND(LOWER(J5)="x",I5="Đủ"),IF(A5="Tháng",'Quy dinh'!$B$8,IF(A5="Tuần",'Quy dinh'!$B$7,0)),0)) | L5: ← VÍ DỤ: xoá dòng này khi bắt đầu nhập thật
G6: =IF(OR(E6="",F6=""),"",IF(E6=0,0,F6/E6)) | I6: =IF(OR(E6="",H6=""),"",IF(E6>=H6,"Đủ","Không đủ")) | K6: =IF(J6="","",IF(AND(LOWER(J6)="x",I6="Đủ"),IF(A6="Tháng",'Quy dinh'!$B$8,IF(A6="Tuần",'Quy dinh'!$B$7,0)),0))
G7: =IF(OR(E7="",F7=""),"",IF(E7=0,0,F7/E7)) | I7: =IF(OR(E7="",H7=""),"",IF(E7>=H7,"Đủ","Không đủ")) | K7: =IF(J7="","",IF(AND(LOWER(J7)="x",I7="Đủ"),IF(A7="Tháng",'Quy dinh'!$B$8,IF(A7="Tuần",'Quy dinh'!$B$7,0)),0))
G8: =IF(OR(E8="",F8=""),"",IF(E8=0,0,F8/E8)) | I8: =IF(OR(E8="",H8=""),"",IF(E8>=H8,"Đủ","Không đủ")) | K8: =IF(J8="","",IF(AND(LOWER(J8)="x",I8="Đủ"),IF(A8="Tháng",'Quy dinh'!$B$8,IF(A8="Tuần",'Quy dinh'!$B$7,0)),0))
G9: =IF(OR(E9="",F9=""),"",IF(E9=0,0,F9/E9)) | I9: =IF(OR(E9="",H9=""),"",IF(E9>=H9,"Đủ","Không đủ")) | K9: =IF(J9="","",IF(AND(LOWER(J9)="x",I9="Đủ"),IF(A9="Tháng",'Quy dinh'!$B$8,IF(A9="Tuần",'Quy dinh'!$B$7,0)),0))
G10: =IF(OR(E10="",F10=""),"",IF(E10=0,0,F10/E10)) | I10: =IF(OR(E10="",H10=""),"",IF(E10>=H10,"Đủ","Không đủ")) | K10: =IF(J10="","",IF(AND(LOWER(J10)="x",I10="Đủ"),IF(A10="Tháng",'Quy dinh'!$B$8,IF(A10="Tuần",'Quy dinh'!$B$7,0)),0))
G11: =IF(OR(E11="",F11=""),"",IF(E11=0,0,F11/E11)) | I11: =IF(OR(E11="",H11=""),"",IF(E11>=H11,"Đủ","Không đủ")) | K11: =IF(J11="","",IF(AND(LOWER(J11)="x",I11="Đủ"),IF(A11="Tháng",'Quy dinh'!$B$8,IF(A11="Tuần",'Quy dinh'!$B$7,0)),0))
G12: =IF(OR(E12="",F12=""),"",IF(E12=0,0,F12/E12)) | I12: =IF(OR(E12="",H12=""),"",IF(E12>=H12,"Đủ","Không đủ")) | K12: =IF(J12="","",IF(AND(LOWER(J12)="x",I12="Đủ"),IF(A12="Tháng",'Quy dinh'!$B$8,IF(A12="Tuần",'Quy dinh'!$B$7,0)),0))
G13: =IF(OR(E13="",F13=""),"",IF(E13=0,0,F13/E13)) | I13: =IF(OR(E13="",H13=""),"",IF(E13>=H13,"Đủ","Không đủ")) | K13: =IF(J13="","",IF(AND(LOWER(J13)="x",I13="Đủ"),IF(A13="Tháng",'Quy dinh'!$B$8,IF(A13="Tuần",'Quy dinh'!$B$7,0)),0))
G14: =IF(OR(E14="",F14=""),"",IF(E14=0,0,F14/E14)) | I14: =IF(OR(E14="",H14=""),"",IF(E14>=H14,"Đủ","Không đủ")) | K14: =IF(J14="","",IF(AND(LOWER(J14)="x",I14="Đủ"),IF(A14="Tháng",'Quy dinh'!$B$8,IF(A14="Tuần",'Quy dinh'!$B$7,0)),0))
G15: =IF(OR(E15="",F15=""),"",IF(E15=0,0,F15/E15)) | I15: =IF(OR(E15="",H15=""),"",IF(E15>=H15,"Đủ","Không đủ")) | K15: =IF(J15="","",IF(AND(LOWER(J15)="x",I15="Đủ"),IF(A15="Tháng",'Quy dinh'!$B$8,IF(A15="Tuần",'Quy dinh'!$B$7,0)),0))
G16: =IF(OR(E16="",F16=""),"",IF(E16=0,0,F16/E16)) | I16: =IF(OR(E16="",H16=""),"",IF(E16>=H16,"Đủ","Không đủ")) | K16: =IF(J16="","",IF(AND(LOWER(J16)="x",I16="Đủ"),IF(A16="Tháng",'Quy dinh'!$B$8,IF(A16="Tuần",'Quy dinh'!$B$7,0)),0))
G17: =IF(OR(E17="",F17=""),"",IF(E17=0,0,F17/E17)) | I17: =IF(OR(E17="",H17=""),"",IF(E17>=H17,"Đủ","Không đủ")) | K17: =IF(J17="","",IF(AND(LOWER(J17)="x",I17="Đủ"),IF(A17="Tháng",'Quy dinh'!$B$8,IF(A17="Tuần",'Quy dinh'!$B$7,0)),0))
... G304: =IF(OR(E304="",F304=""),"",IF(E304=0,0,F304/E304)) | I304: =IF(OR(E304="",H304=""),"",IF(E304>=H304,"Đủ","Không đủ")) | K304: =IF(J304="","",IF(AND(LOWER(J304)="x",I304="Đủ"),IF(A304="Tháng",'Quy dinh'!$B$8,IF(A304="Tuần",'Quy dinh'!$B$7,0)),0))
